USER_ID,STATION_ID,DATE,DAY,TIME_SLOT,AVG_USE,PEAK_USE
12041,103,4/3/2016,Sunday,1,393,423
12041,103,4/3/2016,Sunday,2,213,243
12041,103,4/3/2016,Sunday,3,141,171
12041,103,4/3/2016,Sunday,4,302,332
12041,103,4/3/2016,Sunday,5,191,221
12041,103,4/3/2016,Sunday,6,353,383
12041,103,4/3/2016,Sunday,7,462,492
12041,103,4/3/2016,Sunday,8,391,421
12041,103,4/3/2016,Sunday,9,400,430
12041,103,4/3/2016,Sunday,10,189,219
12041,103,4/3/2016,Sunday,11,313,343
12041,103,4/3/2016,Sunday,12,469,499
12041,103,4/3/2016,Sunday,13,200,230
12041,103,4/3/2016,Sunday,14,273,303
12041,103,4/3/2016,Sunday,15,381,411
12041,103,4/3/2016,Sunday,16,298,328
12041,103,4/3/2016,Sunday,17,422,452
12041,103,4/3/2016,Sunday,18,360,390
12041,103,4/3/2016,Sunday,19,291,321
12041,103,4/3/2016,Sunday,20,143,173
12041,103,4/3/2016,Sunday,21,374,404
12041,103,4/3/2016,Sunday,22,219,249
12041,103,4/3/2016,Sunday,23,223,253
12041,103,4/3/2016,Sunday,24,255,285
12041,103,4/4/2016,Monday,1,431,461
12041,103,4/4/2016,Monday,2,245,275
12041,103,4/4/2016,Monday,3,340,370
12041,103,4/4/2016,Monday,4,299,329
12041,103,4/4/2016,Monday,5,136,166
12041,103,4/4/2016,Monday,6,202,232
12041,103,4/4/2016,Monday,7,322,352
12041,103,4/4/2016,Monday,8,343,373
12041,103,4/4/2016,Monday,9,409,439
12041,103,4/4/2016,Monday,10,441,471
12041,103,4/4/2016,Monday,11,315,345
12041,103,4/3/2016,Monday,12,204,234
12041,103,4/4/2016,Monday,13,179,209
12041,103,4/4/2016,Monday,14,327,357
12041,103,4/4/2016,Monday,15,335,365
12041,103,4/4/2016,Monday,16,152,182
12041,103,4/4/2016,Monday,17,468,498
12041,103,4/4/2016,Monday,18,359,389
12041,103,4/4/2016,Monday,19,131,161
12041,103,4/4/2016,Monday,20,263,293
12041,103,4/4/2016,Monday,21,228,258
12041,103,4/4/2016,Monday,22,190,220
12041,103,4/4/2016,Monday,23,447,477
12041,103,4/4/2016,Monday,24,159,189
12041,103,4/5/2016,Tuesday,1,201,231
12041,103,4/5/2016,Tuesday,2,364,394
12041,103,4/5/2016,Tuesday,3,469,499
12041,103,4/5/2016,Tuesday,4,366,396
12041,103,4/5/2016,Tuesday,5,395,425
12041,103,4/5/2016,Tuesday,6,313,343
12041,103,4/5/2016,Tuesday,7,352,382
12041,103,4/5/2016,Tuesday,8,203,233
12041,103,4/5/2016,Tuesday,9,166,196
12041,103,4/5/2016,Tuesday,10,136,166
12041,103,4/5/2016,Tuesday,11,392,422
12041,103,4/5/2016,Tuesday,12,357,387
12041,103,4/5/2016,Tuesday,13,315,345
12041,103,4/5/2016,Tuesday,14,242,272
12041,103,4/5/2016,Tuesday,15,303,333
12041,103,4/5/2016,Tuesday,16,193,223
12041,103,4/5/2016,Tuesday,17,346,376
12041,103,4/5/2016,Tuesday,18,286,316
12041,103,4/5/2016,Tuesday,19,333,363
12041,103,4/5/2016,Tuesday,20,259,289
12041,103,4/5/2016,Tuesday,21,422,452
12041,103,4/5/2016,Tuesday,22,368,398
12041,103,4/5/2016,Tuesday,23,175,205
12041,103,4/5/2016,Tuesday,24,277,307
12041,103,4/6/2016,Wednesday,1,327,357
12041,103,4/6/2016,Wednesday,2,171,201
12041,103,4/6/2016,Wednesday,3,148,178
12041,103,4/6/2016,Wednesday,4,425,455
12041,103,4/6/2016,Wednesday,5,155,185
12041,103,4/6/2016,Wednesday,6,164,194
12041,103,4/6/2016,Wednesday,7,132,162
12041,103,4/6/2016,Wednesday,8,389,419
12041,103,4/6/2016,Wednesday,9,337,367
12041,103,4/6/2016,Wednesday,10,338,368
12041,103,4/6/2016,Wednesday,11,370,400
12041,103,4/6/2016,Wednesday,12,313,343
12041,103,4/6/2016,Wednesday,13,138,168
12041,103,4/6/2016,Wednesday,14,447,477
12041,103,4/6/2016,Wednesday,15,267,297
12041,103,4/6/2016,Wednesday,16,441,471
12041,103,4/6/2016,Wednesday,17,248,278
12041,103,4/6/2016,Wednesday,18,255,285
12041,103,4/6/2016,Wednesday,19,226,256
12041,103,4/6/2016,Wednesday,20,173,203
12041,103,4/6/2016,Wednesday,21,397,427
12041,103,4/6/2016,Wednesday,22,279,309
12041,103,4/6/2016,Wednesday,23,335,365
12041,103,4/6/2016,Wednesday,24,270,300
12041,103,4/7/2016,Thursday,1,177,207
12041,103,4/7/2016,Thursday,2,189,219
12041,103,4/7/2016,Thursday,3,239,269
12041,103,4/7/2016,Thursday,4,372,402
12041,103,4/7/2016,Thursday,5,431,461
12041,103,4/7/2016,Thursday,6,271,301
12041,103,4/7/2016,Thursday,7,222,252
12041,103,4/7/2016,Thursday,8,368,398
12041,103,4/7/2016,Thursday,9,425,455
12041,103,4/7/2016,Thursday,10,300,330
12041,103,4/7/2016,Thursday,11,412,442
12041,103,4/7/2016,Thursday,12,201,231
12041,103,4/7/2016,Thursday,13,136,166
12041,103,4/7/2016,Thursday,14,275,305
12041,103,4/7/2016,Thursday,15,404,434
12041,103,4/7/2016,Thursday,16,200,230
12041,103,4/7/2016,Thursday,17,406,436
12041,103,4/7/2016,Thursday,18,403,433
12041,103,4/7/2016,Thursday,19,187,217
12041,103,4/7/2016,Thursday,20,172,202
12041,103,4/7/2016,Thursday,21,351,381
12041,103,4/7/2016,Thursday,22,334,364
12041,103,4/7/2016,Thursday,23,140,170
12041,103,4/7/2016,Thursday,24,263,293
12041,103,4/8/2016,Friday,1,166,196
12041,103,4/8/2016,Friday,2,179,209
12041,103,4/8/2016,Friday,3,371,401
12041,103,4/8/2016,Friday,4,364,394
12041,103,4/8/2016,Friday,5,298,328
12041,103,4/8/2016,Friday,6,202,232
12041,103,4/8/2016,Friday,7,466,496
12041,103,4/8/2016,Friday,8,313,343
12041,103,4/8/2016,Friday,9,220,250
12041,103,4/8/2016,Friday,10,460,490
12041,103,4/8/2016,Friday,11,448,478
12041,103,4/8/2016,Friday,12,353,383
12041,103,4/8/2016,Friday,13,241,271
12041,103,4/8/2016,Friday,14,431,461
12041,103,4/8/2016,Friday,15,448,478
12041,103,4/8/2016,Friday,16,144,174
12041,103,4/8/2016,Friday,17,438,468
12041,103,4/8/2016,Friday,18,437,467
12041,103,4/8/2016,Friday,19,417,447
12041,103,4/8/2016,Friday,20,414,444
12041,103,4/8/2016,Friday,21,331,361
12041,103,4/8/2016,Friday,22,392,422
12041,103,4/8/2016,Friday,23,186,216
12041,103,4/8/2016,Friday,24,273,303
12041,103,4/9/2016,Saturday,1,303,333
12041,103,4/9/2016,Saturday,2,453,483
12041,103,4/9/2016,Saturday,3,182,212
12041,103,4/9/2016,Saturday,4,341,371
12041,103,4/9/2016,Saturday,5,233,263
12041,103,4/9/2016,Saturday,6,329,359
12041,103,4/9/2016,Saturday,7,209,239
12041,103,4/9/2016,Saturday,8,159,189
12041,103,4/9/2016,Saturday,9,319,349
12041,103,4/9/2016,Saturday,10,310,340
12041,103,4/9/2016,Saturday,11,292,322
12041,103,4/9/2016,Saturday,12,459,489
12041,103,4/9/2016,Saturday,13,266,296
12041,103,4/9/2016,Saturday,14,417,447
12041,103,4/9/2016,Saturday,15,162,192
12041,103,4/9/2016,Saturday,16,181,211
12041,103,4/9/2016,Saturday,17,445,475
12041,103,4/9/2016,Saturday,18,186,216
12041,103,4/9/2016,Saturday,19,255,285
12041,103,4/9/2016,Saturday,20,139,169
12041,103,4/9/2016,Saturday,21,333,363
12041,103,4/9/2016,Saturday,22,390,420
12041,103,4/9/2016,Saturday,23,174,204
12041,103,4/9/2016,Saturday,24,354,384
12041,103,4/10/2016,Sunday,1,460,490
12041,103,4/10/2016,Sunday,2,348,378
12041,103,4/10/2016,Sunday,3,240,270
12041,103,4/10/2016,Sunday,4,333,363
12041,103,4/10/2016,Sunday,5,199,229
12041,103,4/10/2016,Sunday,6,293,323
12041,103,4/10/2016,Sunday,7,191,221
12041,103,4/10/2016,Sunday,8,162,192
12041,103,4/10/2016,Sunday,9,237,267
12041,103,4/10/2016,Sunday,10,470,500
12041,103,4/10/2016,Sunday,11,398,428
12041,103,4/10/2016,Sunday,12,195,225
12041,103,4/10/2016,Sunday,13,246,276
12041,103,4/10/2016,Sunday,14,223,253
12041,103,4/10/2016,Sunday,15,410,440
12041,103,4/10/2016,Sunday,16,254,284
12041,103,4/10/2016,Sunday,17,248,278
12041,103,4/10/2016,Sunday,18,189,219
12041,103,4/10/2016,Sunday,19,425,455
12041,103,4/10/2016,Sunday,20,332,362
12041,103,4/10/2016,Sunday,21,336,366
12041,103,4/10/2016,Sunday,22,273,303
12041,103,4/10/2016,Sunday,23,450,480
12041,103,4/10/2016,Sunday,24,305,335
12041,103,4/11/2016,Monday,1,382,412
12041,103,4/11/2016,Monday,2,235,265
12041,103,4/11/2016,Monday,3,190,220
12041,103,4/11/2016,Monday,4,436,466
12041,103,4/11/2016,Monday,5,171,201
12041,103,4/11/2016,Monday,6,288,318
12041,103,4/11/2016,Monday,7,172,202
12041,103,4/11/2016,Monday,8,171,201
12041,103,4/11/2016,Monday,9,416,446
12041,103,4/11/2016,Monday,10,396,426
12041,103,4/11/2016,Monday,11,367,397
12041,103,4/11/2016,Monday,12,142,172
12041,103,4/11/2016,Monday,13,263,293
12041,103,4/11/2016,Monday,14,254,284
12041,103,4/11/2016,Monday,15,315,345
12041,103,4/11/2016,Monday,16,255,285
12041,103,4/11/2016,Monday,17,314,344
12041,103,4/11/2016,Monday,18,383,413
12041,103,4/11/2016,Monday,19,254,284
12041,103,4/11/2016,Monday,20,248,278
12041,103,4/11/2016,Monday,21,243,273
12041,103,4/11/2016,Monday,22,399,429
12041,103,4/11/2016,Monday,23,425,455
12041,103,4/11/2016,Monday,24,413,443
12041,103,4/12/2016,Tuesday,1,418,448
12041,103,4/12/2016,Tuesday,2,206,236
12041,103,4/12/2016,Tuesday,3,452,482
12041,103,4/12/2016,Tuesday,4,402,432
12041,103,4/12/2016,Tuesday,5,216,246
12041,103,4/12/2016,Tuesday,6,318,348
12041,103,4/12/2016,Tuesday,7,198,228
12041,103,4/12/2016,Tuesday,8,166,196
12041,103,4/12/2016,Tuesday,9,228,258
12041,103,4/12/2016,Tuesday,10,440,470
12041,103,4/12/2016,Tuesday,11,331,361
12041,103,4/12/2016,Tuesday,12,377,407
12041,103,4/12/2016,Tuesday,13,241,271
12041,103,4/12/2016,Tuesday,14,209,239
12041,103,4/12/2016,Tuesday,15,210,240
12041,103,4/12/2016,Tuesday,16,213,243
12041,103,4/12/2016,Tuesday,17,441,471
12041,103,4/12/2016,Tuesday,18,353,383
12041,103,4/12/2016,Tuesday,19,459,489
12041,103,4/12/2016,Tuesday,20,132,162
12041,103,4/12/2016,Tuesday,21,168,198
12041,103,4/12/2016,Tuesday,22,453,483
12041,103,4/12/2016,Tuesday,23,380,410
12041,103,4/12/2016,Tuesday,24,305,335
12041,103,4/13/2016,Wednesday,1,265,295
12041,103,4/13/2016,Wednesday,2,324,354
12041,103,4/13/2016,Wednesday,3,156,186
12041,103,4/13/2016,Wednesday,4,395,425
12041,103,4/13/2016,Wednesday,5,308,338
12041,103,4/13/2016,Wednesday,6,459,489
12041,103,4/13/2016,Wednesday,7,296,326
12041,103,4/13/2016,Wednesday,8,152,182
12041,103,4/13/2016,Wednesday,9,177,207
12041,103,4/13/2016,Wednesday,10,429,459
12041,103,4/13/2016,Wednesday,11,414,444
12041,103,4/13/2016,Wednesday,12,460,490
12041,103,4/13/2016,Wednesday,13,239,269
12041,103,4/13/2016,Wednesday,14,381,411
12041,103,4/13/2016,Wednesday,15,431,461
12041,103,4/13/2016,Wednesday,16,256,286
12041,103,4/13/2016,Wednesday,17,299,329
12041,103,4/13/2016,Wednesday,18,285,315
12041,103,4/13/2016,Wednesday,19,334,364
12041,103,4/13/2016,Wednesday,20,298,328
12041,103,4/13/2016,Wednesday,21,195,225
12041,103,4/13/2016,Wednesday,22,438,468
12041,103,4/13/2016,Wednesday,23,223,253
12041,103,4/13/2016,Wednesday,24,208,238
12041,103,4/14/2016,Thursday,1,175,205
12041,103,4/14/2016,Thursday,2,253,283
12041,103,4/14/2016,Thursday,3,359,389
12041,103,4/14/2016,Thursday,4,185,215
12041,103,4/14/2016,Thursday,5,262,292
12041,103,4/14/2016,Thursday,6,337,367
12041,103,4/14/2016,Thursday,7,442,472
12041,103,4/14/2016,Thursday,8,379,409
12041,103,4/14/2016,Thursday,9,136,166
12041,103,4/14/2016,Thursday,10,248,278
12041,103,4/14/2016,Thursday,11,401,431
12041,103,4/14/2016,Thursday,12,431,461
12041,103,4/14/2016,Thursday,13,431,461
12041,103,4/14/2016,Thursday,14,175,205
12041,103,4/14/2016,Thursday,15,312,342
12041,103,4/14/2016,Thursday,16,211,241
12041,103,4/14/2016,Thursday,17,173,203
12041,103,4/14/2016,Thursday,18,346,376
12041,103,4/14/2016,Thursday,19,310,340
12041,103,4/14/2016,Thursday,20,353,383
12041,103,4/14/2016,Thursday,21,261,291
12041,103,4/14/2016,Thursday,22,256,286
12041,103,4/14/2016,Thursday,23,268,298
12041,103,4/14/2016,Thursday,24,336,366
12041,103,4/15/2016,Friday,1,213,243
12041,103,4/15/2016,Friday,2,444,474
12041,103,4/15/2016,Friday,3,198,228
12041,103,4/15/2016,Friday,4,440,470
12041,103,4/15/2016,Friday,5,454,484
12041,103,4/15/2016,Friday,6,213,243
12041,103,4/15/2016,Friday,7,386,416
12041,103,4/15/2016,Friday,8,341,371
12041,103,4/15/2016,Friday,9,408,438
12041,103,4/15/2016,Friday,10,138,168
12041,103,4/15/2016,Friday,11,378,408
12041,103,4/15/2016,Friday,12,179,209
12041,103,4/15/2016,Friday,13,364,394
12041,103,4/15/2016,Friday,14,231,261
12041,103,4/15/2016,Friday,15,317,347
12041,103,4/15/2016,Friday,16,167,197
12041,103,4/15/2016,Friday,17,435,465
12041,103,4/15/2016,Friday,18,432,462
12041,103,4/15/2016,Friday,19,284,314
12041,103,4/15/2016,Friday,20,302,332
12041,103,4/15/2016,Friday,21,244,274
12041,103,4/15/2016,Friday,22,304,334
12041,103,4/15/2016,Friday,23,187,217
12041,103,4/15/2016,Friday,24,420,450
12041,103,4/16/2016,Saturday,1,399,429
12041,103,4/16/2016,Saturday,2,329,359
12041,103,4/16/2016,Saturday,3,196,226
12041,103,4/16/2016,Saturday,4,343,373
12041,103,4/16/2016,Saturday,5,395,425
12041,103,4/16/2016,Saturday,6,251,281
12041,103,4/16/2016,Saturday,7,242,272
12041,103,4/16/2016,Saturday,8,179,209
12041,103,4/16/2016,Saturday,9,451,481
12041,103,4/16/2016,Saturday,10,231,261
12041,103,4/16/2016,Saturday,11,333,363
12041,103,4/16/2016,Saturday,12,166,196
12041,103,4/16/2016,Saturday,13,212,242
12041,103,4/16/2016,Saturday,14,176,206
12041,103,4/16/2016,Saturday,15,386,416
12041,103,4/16/2016,Saturday,16,306,336
12041,103,4/16/2016,Saturday,17,163,193
12041,103,4/16/2016,Saturday,18,300,330
12041,103,4/16/2016,Saturday,19,323,353
12041,103,4/16/2016,Saturday,20,218,248
12041,103,4/16/2016,Saturday,21,218,248
12041,103,4/16/2016,Saturday,22,240,270
12041,103,4/16/2016,Saturday,23,396,426
12041,103,4/16/2016,Saturday,24,194,224
12042,103,4/3/2016,Sunday,1,161,191
12042,103,4/3/2016,Sunday,2,201,231
12042,103,4/3/2016,Sunday,3,437,467
12042,103,4/3/2016,Sunday,4,191,221
12042,103,4/3/2016,Sunday,5,445,475
12042,103,4/3/2016,Sunday,6,404,434
12042,103,4/3/2016,Sunday,7,367,397
12042,103,4/3/2016,Sunday,8,393,423
12042,103,4/3/2016,Sunday,9,364,394
12042,103,4/3/2016,Sunday,10,194,224
12042,103,4/3/2016,Sunday,11,255,285
12042,103,4/3/2016,Sunday,12,308,338
12042,103,4/3/2016,Sunday,13,223,253
12042,103,4/3/2016,Sunday,14,371,401
12042,103,4/3/2016,Sunday,15,362,392
12042,103,4/3/2016,Sunday,16,433,463
12042,103,4/3/2016,Sunday,17,350,380
12042,103,4/3/2016,Sunday,18,138,168
12042,103,4/3/2016,Sunday,19,292,322
12042,103,4/3/2016,Sunday,20,232,262
12042,103,4/3/2016,Sunday,21,242,272
12042,103,4/3/2016,Sunday,22,358,388
12042,103,4/3/2016,Sunday,23,433,463
12042,103,4/3/2016,Sunday,24,446,476
12042,103,4/4/2016,Monday,1,427,457
12042,103,4/4/2016,Monday,2,465,495
12042,103,4/4/2016,Monday,3,233,263
12042,103,4/4/2016,Monday,4,332,362
12042,103,4/4/2016,Monday,5,216,246
12042,103,4/4/2016,Monday,6,212,242
12042,103,4/4/2016,Monday,7,468,498
12042,103,4/4/2016,Monday,8,315,345
12042,103,4/4/2016,Monday,9,338,368
12042,103,4/4/2016,Monday,10,130,160
12042,103,4/4/2016,Monday,11,407,437
12042,103,4/3/2016,Monday,12,357,387
12042,103,4/4/2016,Monday,13,168,198
12042,103,4/4/2016,Monday,14,444,474
12042,103,4/4/2016,Monday,15,277,307
12042,103,4/4/2016,Monday,16,163,193
12042,103,4/4/2016,Monday,17,330,360
12042,103,4/4/2016,Monday,18,260,290
12042,103,4/4/2016,Monday,19,203,233
12042,103,4/4/2016,Monday,20,287,317
12042,103,4/4/2016,Monday,21,163,193
12042,103,4/4/2016,Monday,22,411,441
12042,103,4/4/2016,Monday,23,236,266
12042,103,4/4/2016,Monday,24,251,281
12042,103,4/5/2016,Tuesday,1,448,478
12042,103,4/5/2016,Tuesday,2,421,451
12042,103,4/5/2016,Tuesday,3,393,423
12042,103,4/5/2016,Tuesday,4,348,378
12042,103,4/5/2016,Tuesday,5,356,386
12042,103,4/5/2016,Tuesday,6,377,407
12042,103,4/5/2016,Tuesday,7,198,228
12042,103,4/5/2016,Tuesday,8,277,307
12042,103,4/5/2016,Tuesday,9,188,218
12042,103,4/5/2016,Tuesday,10,438,468
12042,103,4/5/2016,Tuesday,11,142,172
12042,103,4/5/2016,Tuesday,12,131,161
12042,103,4/5/2016,Tuesday,13,207,237
12042,103,4/5/2016,Tuesday,14,373,403
12042,103,4/5/2016,Tuesday,15,344,374
12042,103,4/5/2016,Tuesday,16,413,443
12042,103,4/5/2016,Tuesday,17,247,277
12042,103,4/5/2016,Tuesday,18,291,321
12042,103,4/5/2016,Tuesday,19,428,458
12042,103,4/5/2016,Tuesday,20,330,360
12042,103,4/5/2016,Tuesday,21,130,160
12042,103,4/5/2016,Tuesday,22,199,229
12042,103,4/5/2016,Tuesday,23,180,210
12042,103,4/5/2016,Tuesday,24,456,486
12042,103,4/6/2016,Wednesday,1,426,456
12042,103,4/6/2016,Wednesday,2,335,365
12042,103,4/6/2016,Wednesday,3,370,400
12042,103,4/6/2016,Wednesday,4,383,413
12042,103,4/6/2016,Wednesday,5,405,435
12042,103,4/6/2016,Wednesday,6,458,488
12042,103,4/6/2016,Wednesday,7,443,473
12042,103,4/6/2016,Wednesday,8,350,380
12042,103,4/6/2016,Wednesday,9,274,304
12042,103,4/6/2016,Wednesday,10,324,354
12042,103,4/6/2016,Wednesday,11,469,499
12042,103,4/6/2016,Wednesday,12,212,242
12042,103,4/6/2016,Wednesday,13,412,442
12042,103,4/6/2016,Wednesday,14,217,247
12042,103,4/6/2016,Wednesday,15,432,462
12042,103,4/6/2016,Wednesday,16,434,464
12042,103,4/6/2016,Wednesday,17,176,206
12042,103,4/6/2016,Wednesday,18,374,404
12042,103,4/6/2016,Wednesday,19,302,332
12042,103,4/6/2016,Wednesday,20,214,244
12042,103,4/6/2016,Wednesday,21,181,211
12042,103,4/6/2016,Wednesday,22,136,166
12042,103,4/6/2016,Wednesday,23,253,283
12042,103,4/6/2016,Wednesday,24,166,196
12042,103,4/7/2016,Thursday,1,399,429
12042,103,4/7/2016,Thursday,2,394,424
12042,103,4/7/2016,Thursday,3,188,218
12042,103,4/7/2016,Thursday,4,463,493
12042,103,4/7/2016,Thursday,5,196,226
12042,103,4/7/2016,Thursday,6,244,274
12042,103,4/7/2016,Thursday,7,467,497
12042,103,4/7/2016,Thursday,8,307,337
12042,103,4/7/2016,Thursday,9,309,339
12042,103,4/7/2016,Thursday,10,311,341
12042,103,4/7/2016,Thursday,11,137,167
12042,103,4/7/2016,Thursday,12,219,249
12042,103,4/7/2016,Thursday,13,269,299
12042,103,4/7/2016,Thursday,14,461,491
12042,103,4/7/2016,Thursday,15,359,389
12042,103,4/7/2016,Thursday,16,294,324
12042,103,4/7/2016,Thursday,17,381,411
12042,103,4/7/2016,Thursday,18,164,194
12042,103,4/7/2016,Thursday,19,157,187
12042,103,4/7/2016,Thursday,20,438,468
12042,103,4/7/2016,Thursday,21,418,448
12042,103,4/7/2016,Thursday,22,341,371
12042,103,4/7/2016,Thursday,23,302,332
12042,103,4/7/2016,Thursday,24,263,293
12042,103,4/8/2016,Friday,1,438,468
12042,103,4/8/2016,Friday,2,338,368
12042,103,4/8/2016,Friday,3,424,454
12042,103,4/8/2016,Friday,4,379,409
12042,103,4/8/2016,Friday,5,317,347
12042,103,4/8/2016,Friday,6,218,248
12042,103,4/8/2016,Friday,7,449,479
12042,103,4/8/2016,Friday,8,346,376
12042,103,4/8/2016,Friday,9,139,169
12042,103,4/8/2016,Friday,10,198,228
12042,103,4/8/2016,Friday,11,435,465
12042,103,4/8/2016,Friday,12,462,492
12042,103,4/8/2016,Friday,13,153,183
12042,103,4/8/2016,Friday,14,397,427
12042,103,4/8/2016,Friday,15,305,335
12042,103,4/8/2016,Friday,16,236,266
12042,103,4/8/2016,Friday,17,250,280
12042,103,4/8/2016,Friday,18,304,334
12042,103,4/8/2016,Friday,19,270,300
12042,103,4/8/2016,Friday,20,240,270
12042,103,4/8/2016,Friday,21,420,450
12042,103,4/8/2016,Friday,22,211,241
12042,103,4/8/2016,Friday,23,233,263
12042,103,4/8/2016,Friday,24,186,216
12042,103,4/9/2016,Saturday,1,200,230
12042,103,4/9/2016,Saturday,2,422,452
12042,103,4/9/2016,Saturday,3,432,462
12042,103,4/9/2016,Saturday,4,193,223
12042,103,4/9/2016,Saturday,5,159,189
12042,103,4/9/2016,Saturday,6,378,408
12042,103,4/9/2016,Saturday,7,427,457
12042,103,4/9/2016,Saturday,8,225,255
12042,103,4/9/2016,Saturday,9,265,295
12042,103,4/9/2016,Saturday,10,441,471
12042,103,4/9/2016,Saturday,11,432,462
12042,103,4/9/2016,Saturday,12,411,441
12042,103,4/9/2016,Saturday,13,466,496
12042,103,4/9/2016,Saturday,14,300,330
12042,103,4/9/2016,Saturday,15,392,422
12042,103,4/9/2016,Saturday,16,432,462
12042,103,4/9/2016,Saturday,17,286,316
12042,103,4/9/2016,Saturday,18,158,188
12042,103,4/9/2016,Saturday,19,173,203
12042,103,4/9/2016,Saturday,20,167,197
12042,103,4/9/2016,Saturday,21,318,348
12042,103,4/9/2016,Saturday,22,433,463
12042,103,4/9/2016,Saturday,23,292,322
12042,103,4/9/2016,Saturday,24,222,252
12042,103,4/10/2016,Sunday,1,221,251
12042,103,4/10/2016,Sunday,2,430,460
12042,103,4/10/2016,Sunday,3,166,196
12042,103,4/10/2016,Sunday,4,198,228
12042,103,4/10/2016,Sunday,5,164,194
12042,103,4/10/2016,Sunday,6,379,409
12042,103,4/10/2016,Sunday,7,280,310
12042,103,4/10/2016,Sunday,8,444,474
12042,103,4/10/2016,Sunday,9,263,293
12042,103,4/10/2016,Sunday,10,252,282
12042,103,4/10/2016,Sunday,11,137,167
12042,103,4/10/2016,Sunday,12,425,455
12042,103,4/10/2016,Sunday,13,314,344
12042,103,4/10/2016,Sunday,14,300,330
12042,103,4/10/2016,Sunday,15,250,280
12042,103,4/10/2016,Sunday,16,379,409
12042,103,4/10/2016,Sunday,17,168,198
12042,103,4/10/2016,Sunday,18,237,267
12042,103,4/10/2016,Sunday,19,194,224
12042,103,4/10/2016,Sunday,20,288,318
12042,103,4/10/2016,Sunday,21,425,455
12042,103,4/10/2016,Sunday,22,348,378
12042,103,4/10/2016,Sunday,23,346,376
12042,103,4/10/2016,Sunday,24,443,473
12042,103,4/11/2016,Monday,1,403,433
12042,103,4/11/2016,Monday,2,229,259
12042,103,4/11/2016,Monday,3,269,299
12042,103,4/11/2016,Monday,4,402,432
12042,103,4/11/2016,Monday,5,303,333
12042,103,4/11/2016,Monday,6,138,168
12042,103,4/11/2016,Monday,7,316,346
12042,103,4/11/2016,Monday,8,161,191
12042,103,4/11/2016,Monday,9,422,452
12042,103,4/11/2016,Monday,10,231,261
12042,103,4/11/2016,Monday,11,463,493
12042,103,4/11/2016,Monday,12,430,460
12042,103,4/11/2016,Monday,13,377,407
12042,103,4/11/2016,Monday,14,296,326
12042,103,4/11/2016,Monday,15,255,285
12042,103,4/11/2016,Monday,16,316,346
12042,103,4/11/2016,Monday,17,317,347
12042,103,4/11/2016,Monday,18,408,438
12042,103,4/11/2016,Monday,19,388,418
12042,103,4/11/2016,Monday,20,292,322
12042,103,4/11/2016,Monday,21,309,339
12042,103,4/11/2016,Monday,22,162,192
12042,103,4/11/2016,Monday,23,423,453
12042,103,4/11/2016,Monday,24,434,464
12042,103,4/12/2016,Tuesday,1,347,377
12042,103,4/12/2016,Tuesday,2,167,197
12042,103,4/12/2016,Tuesday,3,255,285
12042,103,4/12/2016,Tuesday,4,304,334
12042,103,4/12/2016,Tuesday,5,469,499
12042,103,4/12/2016,Tuesday,6,329,359
12042,103,4/12/2016,Tuesday,7,339,369
12042,103,4/12/2016,Tuesday,8,239,269
12042,103,4/12/2016,Tuesday,9,278,308
12042,103,4/12/2016,Tuesday,10,158,188
12042,103,4/12/2016,Tuesday,11,253,283
12042,103,4/12/2016,Tuesday,12,429,459
12042,103,4/12/2016,Tuesday,13,292,322
12042,103,4/12/2016,Tuesday,14,423,453
12042,103,4/12/2016,Tuesday,15,268,298
12042,103,4/12/2016,Tuesday,16,289,319
12042,103,4/12/2016,Tuesday,17,258,288
12042,103,4/12/2016,Tuesday,18,316,346
12042,103,4/12/2016,Tuesday,19,464,494
12042,103,4/12/2016,Tuesday,20,173,203
12042,103,4/12/2016,Tuesday,21,142,172
12042,103,4/12/2016,Tuesday,22,302,332
12042,103,4/12/2016,Tuesday,23,389,419
12042,103,4/12/2016,Tuesday,24,175,205
12042,103,4/13/2016,Wednesday,1,303,333
12042,103,4/13/2016,Wednesday,2,130,160
12042,103,4/13/2016,Wednesday,3,313,343
12042,103,4/13/2016,Wednesday,4,434,464
12042,103,4/13/2016,Wednesday,5,355,385
12042,103,4/13/2016,Wednesday,6,434,464
12042,103,4/13/2016,Wednesday,7,185,215
12042,103,4/13/2016,Wednesday,8,283,313
12042,103,4/13/2016,Wednesday,9,381,411
12042,103,4/13/2016,Wednesday,10,392,422
12042,103,4/13/2016,Wednesday,11,237,267
12042,103,4/13/2016,Wednesday,12,198,228
12042,103,4/13/2016,Wednesday,13,387,417
12042,103,4/13/2016,Wednesday,14,244,274
12042,103,4/13/2016,Wednesday,15,398,428
12042,103,4/13/2016,Wednesday,16,292,322
12042,103,4/13/2016,Wednesday,17,285,315
12042,103,4/13/2016,Wednesday,18,323,353
12042,103,4/13/2016,Wednesday,19,321,351
12042,103,4/13/2016,Wednesday,20,383,413
12042,103,4/13/2016,Wednesday,21,217,247
12042,103,4/13/2016,Wednesday,22,216,246
12042,103,4/13/2016,Wednesday,23,146,176
12042,103,4/13/2016,Wednesday,24,283,313
12042,103,4/14/2016,Thursday,1,451,481
12042,103,4/14/2016,Thursday,2,198,228
12042,103,4/14/2016,Thursday,3,212,242
12042,103,4/14/2016,Thursday,4,203,233
12042,103,4/14/2016,Thursday,5,346,376
12042,103,4/14/2016,Thursday,6,159,189
12042,103,4/14/2016,Thursday,7,286,316
12042,103,4/14/2016,Thursday,8,411,441
12042,103,4/14/2016,Thursday,9,143,173
12042,103,4/14/2016,Thursday,10,413,443
12042,103,4/14/2016,Thursday,11,339,369
12042,103,4/14/2016,Thursday,12,385,415
12042,103,4/14/2016,Thursday,13,457,487
12042,103,4/14/2016,Thursday,14,210,240
12042,103,4/14/2016,Thursday,15,260,290
12042,103,4/14/2016,Thursday,16,385,415
12042,103,4/14/2016,Thursday,17,327,357
12042,103,4/14/2016,Thursday,18,254,284
12042,103,4/14/2016,Thursday,19,409,439
12042,103,4/14/2016,Thursday,20,182,212
12042,103,4/14/2016,Thursday,21,410,440
12042,103,4/14/2016,Thursday,22,192,222
12042,103,4/14/2016,Thursday,23,250,280
12042,103,4/14/2016,Thursday,24,226,256
12042,103,4/15/2016,Friday,1,269,299
12042,103,4/15/2016,Friday,2,163,193
12042,103,4/15/2016,Friday,3,201,231
12042,103,4/15/2016,Friday,4,144,174
12042,103,4/15/2016,Friday,5,346,376
12042,103,4/15/2016,Friday,6,327,357
12042,103,4/15/2016,Friday,7,369,399
12042,103,4/15/2016,Friday,8,334,364
12042,103,4/15/2016,Friday,9,400,430
12042,103,4/15/2016,Friday,10,170,200
12042,103,4/15/2016,Friday,11,433,463
12042,103,4/15/2016,Friday,12,416,446
12042,103,4/15/2016,Friday,13,350,380
12042,103,4/15/2016,Friday,14,208,238
12042,103,4/15/2016,Friday,15,288,318
12042,103,4/15/2016,Friday,16,195,225
12042,103,4/15/2016,Friday,17,220,250
12042,103,4/15/2016,Friday,18,443,473
12042,103,4/15/2016,Friday,19,397,427
12042,103,4/15/2016,Friday,20,315,345
12042,103,4/15/2016,Friday,21,453,483
12042,103,4/15/2016,Friday,22,376,406
12042,103,4/15/2016,Friday,23,342,372
12042,103,4/15/2016,Friday,24,282,312
12042,103,4/16/2016,Saturday,1,224,254
12042,103,4/16/2016,Saturday,2,453,483
12042,103,4/16/2016,Saturday,3,409,439
12042,103,4/16/2016,Saturday,4,470,500
12042,103,4/16/2016,Saturday,5,218,248
12042,103,4/16/2016,Saturday,6,343,373
12042,103,4/16/2016,Saturday,7,173,203
12042,103,4/16/2016,Saturday,8,424,454
12042,103,4/16/2016,Saturday,9,429,459
12042,103,4/16/2016,Saturday,10,136,166
12042,103,4/16/2016,Saturday,11,153,183
12042,103,4/16/2016,Saturday,12,200,230
12042,103,4/16/2016,Saturday,13,156,186
12042,103,4/16/2016,Saturday,14,194,224
12042,103,4/16/2016,Saturday,15,391,421
12042,103,4/16/2016,Saturday,16,249,279
12042,103,4/16/2016,Saturday,17,434,464
12042,103,4/16/2016,Saturday,18,405,435
12042,103,4/16/2016,Saturday,19,324,354
12042,103,4/16/2016,Saturday,20,410,440
12042,103,4/16/2016,Saturday,21,171,201
12042,103,4/16/2016,Saturday,22,355,385
12042,103,4/16/2016,Saturday,23,170,200
12042,103,4/16/2016,Saturday,24,191,221
12043,103,4/3/2016,Sunday,1,331,361
12043,103,4/3/2016,Sunday,2,272,302
12043,103,4/3/2016,Sunday,3,204,234
12043,103,4/3/2016,Sunday,4,379,409
12043,103,4/3/2016,Sunday,5,410,440
12043,103,4/3/2016,Sunday,6,410,440
12043,103,4/3/2016,Sunday,7,411,441
12043,103,4/3/2016,Sunday,8,263,293
12043,103,4/3/2016,Sunday,9,365,395
12043,103,4/3/2016,Sunday,10,194,224
12043,103,4/3/2016,Sunday,11,189,219
12043,103,4/3/2016,Sunday,12,454,484
12043,103,4/3/2016,Sunday,13,424,454
12043,103,4/3/2016,Sunday,14,320,350
12043,103,4/3/2016,Sunday,15,348,378
12043,103,4/3/2016,Sunday,16,448,478
12043,103,4/3/2016,Sunday,17,432,462
12043,103,4/3/2016,Sunday,18,226,256
12043,103,4/3/2016,Sunday,19,180,210
12043,103,4/3/2016,Sunday,20,412,442
12043,103,4/3/2016,Sunday,21,286,316
12043,103,4/3/2016,Sunday,22,300,330
12043,103,4/3/2016,Sunday,23,403,433
12043,103,4/3/2016,Sunday,24,465,495
12043,103,4/4/2016,Monday,1,387,417
12043,103,4/4/2016,Monday,2,407,437
12043,103,4/4/2016,Monday,3,433,463
12043,103,4/4/2016,Monday,4,400,430
12043,103,4/4/2016,Monday,5,440,470
12043,103,4/4/2016,Monday,6,238,268
12043,103,4/4/2016,Monday,7,138,168
12043,103,4/4/2016,Monday,8,279,309
12043,103,4/4/2016,Monday,9,469,499
12043,103,4/4/2016,Monday,10,345,375
12043,103,4/4/2016,Monday,11,144,174
12043,103,4/3/2016,Monday,12,159,189
12043,103,4/4/2016,Monday,13,349,379
12043,103,4/4/2016,Monday,14,201,231
12043,103,4/4/2016,Monday,15,394,424
12043,103,4/4/2016,Monday,16,287,317
12043,103,4/4/2016,Monday,17,277,307
12043,103,4/4/2016,Monday,18,212,242
12043,103,4/4/2016,Monday,19,368,398
12043,103,4/4/2016,Monday,20,154,184
12043,103,4/4/2016,Monday,21,135,165
12043,103,4/4/2016,Monday,22,434,464
12043,103,4/4/2016,Monday,23,337,367
12043,103,4/4/2016,Monday,24,404,434
12043,103,4/5/2016,Tuesday,1,198,228
12043,103,4/5/2016,Tuesday,2,349,379
12043,103,4/5/2016,Tuesday,3,284,314
12043,103,4/5/2016,Tuesday,4,268,298
12043,103,4/5/2016,Tuesday,5,449,479
12043,103,4/5/2016,Tuesday,6,226,256
12043,103,4/5/2016,Tuesday,7,414,444
12043,103,4/5/2016,Tuesday,8,233,263
12043,103,4/5/2016,Tuesday,9,371,401
12043,103,4/5/2016,Tuesday,10,452,482
12043,103,4/5/2016,Tuesday,11,257,287
12043,103,4/5/2016,Tuesday,12,375,405
12043,103,4/5/2016,Tuesday,13,408,438
12043,103,4/5/2016,Tuesday,14,278,308
12043,103,4/5/2016,Tuesday,15,397,427
12043,103,4/5/2016,Tuesday,16,215,245
12043,103,4/5/2016,Tuesday,17,152,182
12043,103,4/5/2016,Tuesday,18,260,290
12043,103,4/5/2016,Tuesday,19,450,480
12043,103,4/5/2016,Tuesday,20,212,242
12043,103,4/5/2016,Tuesday,21,348,378
12043,103,4/5/2016,Tuesday,22,200,230
12043,103,4/5/2016,Tuesday,23,216,246
12043,103,4/5/2016,Tuesday,24,418,448
12043,103,4/6/2016,Wednesday,1,289,319
12043,103,4/6/2016,Wednesday,2,383,413
12043,103,4/6/2016,Wednesday,3,378,408
12043,103,4/6/2016,Wednesday,4,447,477
12043,103,4/6/2016,Wednesday,5,318,348
12043,103,4/6/2016,Wednesday,6,275,305
12043,103,4/6/2016,Wednesday,7,376,406
12043,103,4/6/2016,Wednesday,8,200,230
12043,103,4/6/2016,Wednesday,9,461,491
12043,103,4/6/2016,Wednesday,10,152,182
12043,103,4/6/2016,Wednesday,11,395,425
12043,103,4/6/2016,Wednesday,12,299,329
12043,103,4/6/2016,Wednesday,13,145,175
12043,103,4/6/2016,Wednesday,14,418,448
12043,103,4/6/2016,Wednesday,15,374,404
12043,103,4/6/2016,Wednesday,16,348,378
12043,103,4/6/2016,Wednesday,17,242,272
12043,103,4/6/2016,Wednesday,18,342,372
12043,103,4/6/2016,Wednesday,19,338,368
12043,103,4/6/2016,Wednesday,20,137,167
12043,103,4/6/2016,Wednesday,21,194,224
12043,103,4/6/2016,Wednesday,22,434,464
12043,103,4/6/2016,Wednesday,23,315,345
12043,103,4/6/2016,Wednesday,24,353,383
12043,103,4/7/2016,Thursday,1,341,371
12043,103,4/7/2016,Thursday,2,451,481
12043,103,4/7/2016,Thursday,3,318,348
12043,103,4/7/2016,Thursday,4,388,418
12043,103,4/7/2016,Thursday,5,299,329
12043,103,4/7/2016,Thursday,6,354,384
12043,103,4/7/2016,Thursday,7,411,441
12043,103,4/7/2016,Thursday,8,405,435
12043,103,4/7/2016,Thursday,9,326,356
12043,103,4/7/2016,Thursday,10,261,291
12043,103,4/7/2016,Thursday,11,287,317
12043,103,4/7/2016,Thursday,12,335,365
12043,103,4/7/2016,Thursday,13,390,420
12043,103,4/7/2016,Thursday,14,350,380
12043,103,4/7/2016,Thursday,15,272,302
12043,103,4/7/2016,Thursday,16,304,334
12043,103,4/7/2016,Thursday,17,178,208
12043,103,4/7/2016,Thursday,18,416,446
12043,103,4/7/2016,Thursday,19,133,163
12043,103,4/7/2016,Thursday,20,459,489
12043,103,4/7/2016,Thursday,21,170,200
12043,103,4/7/2016,Thursday,22,351,381
12043,103,4/7/2016,Thursday,23,446,476
12043,103,4/7/2016,Thursday,24,427,457
12043,103,4/8/2016,Friday,1,315,345
12043,103,4/8/2016,Friday,2,157,187
12043,103,4/8/2016,Friday,3,270,300
12043,103,4/8/2016,Friday,4,359,389
12043,103,4/8/2016,Friday,5,327,357
12043,103,4/8/2016,Friday,6,403,433
12043,103,4/8/2016,Friday,7,190,220
12043,103,4/8/2016,Friday,8,353,383
12043,103,4/8/2016,Friday,9,288,318
12043,103,4/8/2016,Friday,10,258,288
12043,103,4/8/2016,Friday,11,260,290
12043,103,4/8/2016,Friday,12,448,478
12043,103,4/8/2016,Friday,13,138,168
12043,103,4/8/2016,Friday,14,221,251
12043,103,4/8/2016,Friday,15,355,385
12043,103,4/8/2016,Friday,16,173,203
12043,103,4/8/2016,Friday,17,396,426
12043,103,4/8/2016,Friday,18,266,296
12043,103,4/8/2016,Friday,19,339,369
12043,103,4/8/2016,Friday,20,177,207
12043,103,4/8/2016,Friday,21,299,329
12043,103,4/8/2016,Friday,22,295,325
12043,103,4/8/2016,Friday,23,398,428
12043,103,4/8/2016,Friday,24,182,212
12043,103,4/9/2016,Saturday,1,372,402
12043,103,4/9/2016,Saturday,2,467,497
12043,103,4/9/2016,Saturday,3,379,409
12043,103,4/9/2016,Saturday,4,252,282
12043,103,4/9/2016,Saturday,5,197,227
12043,103,4/9/2016,Saturday,6,462,492
12043,103,4/9/2016,Saturday,7,281,311
12043,103,4/9/2016,Saturday,8,376,406
12043,103,4/9/2016,Saturday,9,346,376
12043,103,4/9/2016,Saturday,10,363,393
12043,103,4/9/2016,Saturday,11,139,169
12043,103,4/9/2016,Saturday,12,165,195
12043,103,4/9/2016,Saturday,13,276,306
12043,103,4/9/2016,Saturday,14,207,237
12043,103,4/9/2016,Saturday,15,388,418
12043,103,4/9/2016,Saturday,16,362,392
12043,103,4/9/2016,Saturday,17,256,286
12043,103,4/9/2016,Saturday,18,437,467
12043,103,4/9/2016,Saturday,19,373,403
12043,103,4/9/2016,Saturday,20,190,220
12043,103,4/9/2016,Saturday,21,146,176
12043,103,4/9/2016,Saturday,22,438,468
12043,103,4/9/2016,Saturday,23,390,420
12043,103,4/9/2016,Saturday,24,394,424
12043,103,4/10/2016,Sunday,1,410,440
12043,103,4/10/2016,Sunday,2,415,445
12043,103,4/10/2016,Sunday,3,147,177
12043,103,4/10/2016,Sunday,4,235,265
12043,103,4/10/2016,Sunday,5,427,457
12043,103,4/10/2016,Sunday,6,169,199
12043,103,4/10/2016,Sunday,7,246,276
12043,103,4/10/2016,Sunday,8,279,309
12043,103,4/10/2016,Sunday,9,212,242
12043,103,4/10/2016,Sunday,10,337,367
12043,103,4/10/2016,Sunday,11,146,176
12043,103,4/10/2016,Sunday,12,386,416
12043,103,4/10/2016,Sunday,13,368,398
12043,103,4/10/2016,Sunday,14,144,174
12043,103,4/10/2016,Sunday,15,228,258
12043,103,4/10/2016,Sunday,16,430,460
12043,103,4/10/2016,Sunday,17,450,480
12043,103,4/10/2016,Sunday,18,224,254
12043,103,4/10/2016,Sunday,19,390,420
12043,103,4/10/2016,Sunday,20,212,242
12043,103,4/10/2016,Sunday,21,416,446
12043,103,4/10/2016,Sunday,22,335,365
12043,103,4/10/2016,Sunday,23,180,210
12043,103,4/10/2016,Sunday,24,200,230
12043,103,4/11/2016,Monday,1,173,203
12043,103,4/11/2016,Monday,2,433,463
12043,103,4/11/2016,Monday,3,461,491
12043,103,4/11/2016,Monday,4,451,481
12043,103,4/11/2016,Monday,5,163,193
12043,103,4/11/2016,Monday,6,320,350
12043,103,4/11/2016,Monday,7,177,207
12043,103,4/11/2016,Monday,8,388,418
12043,103,4/11/2016,Monday,9,353,383
12043,103,4/11/2016,Monday,10,318,348
12043,103,4/11/2016,Monday,11,337,367
12043,103,4/11/2016,Monday,12,246,276
12043,103,4/11/2016,Monday,13,149,179
12043,103,4/11/2016,Monday,14,343,373
12043,103,4/11/2016,Monday,15,214,244
12043,103,4/11/2016,Monday,16,158,188
12043,103,4/11/2016,Monday,17,245,275
12043,103,4/11/2016,Monday,18,449,479
12043,103,4/11/2016,Monday,19,207,237
12043,103,4/11/2016,Monday,20,293,323
12043,103,4/11/2016,Monday,21,215,245
12043,103,4/11/2016,Monday,22,218,248
12043,103,4/11/2016,Monday,23,409,439
12043,103,4/11/2016,Monday,24,279,309
12043,103,4/12/2016,Tuesday,1,461,491
12043,103,4/12/2016,Tuesday,2,414,444
12043,103,4/12/2016,Tuesday,3,404,434
12043,103,4/12/2016,Tuesday,4,187,217
12043,103,4/12/2016,Tuesday,5,428,458
12043,103,4/12/2016,Tuesday,6,284,314
12043,103,4/12/2016,Tuesday,7,203,233
12043,103,4/12/2016,Tuesday,8,307,337
12043,103,4/12/2016,Tuesday,9,387,417
12043,103,4/12/2016,Tuesday,10,370,400
12043,103,4/12/2016,Tuesday,11,189,219
12043,103,4/12/2016,Tuesday,12,234,264
12043,103,4/12/2016,Tuesday,13,221,251
12043,103,4/12/2016,Tuesday,14,201,231
12043,103,4/12/2016,Tuesday,15,457,487
12043,103,4/12/2016,Tuesday,16,217,247
12043,103,4/12/2016,Tuesday,17,362,392
12043,103,4/12/2016,Tuesday,18,367,397
12043,103,4/12/2016,Tuesday,19,270,300
12043,103,4/12/2016,Tuesday,20,196,226
12043,103,4/12/2016,Tuesday,21,446,476
12043,103,4/12/2016,Tuesday,22,307,337
12043,103,4/12/2016,Tuesday,23,416,446
12043,103,4/12/2016,Tuesday,24,244,274
12043,103,4/13/2016,Wednesday,1,360,390
12043,103,4/13/2016,Wednesday,2,274,304
12043,103,4/13/2016,Wednesday,3,270,300
12043,103,4/13/2016,Wednesday,4,224,254
12043,103,4/13/2016,Wednesday,5,158,188
12043,103,4/13/2016,Wednesday,6,266,296
12043,103,4/13/2016,Wednesday,7,402,432
12043,103,4/13/2016,Wednesday,8,226,256
12043,103,4/13/2016,Wednesday,9,372,402
12043,103,4/13/2016,Wednesday,10,253,283
12043,103,4/13/2016,Wednesday,11,469,499
12043,103,4/13/2016,Wednesday,12,436,466
12043,103,4/13/2016,Wednesday,13,282,312
12043,103,4/13/2016,Wednesday,14,393,423
12043,103,4/13/2016,Wednesday,15,178,208
12043,103,4/13/2016,Wednesday,16,287,317
12043,103,4/13/2016,Wednesday,17,225,255
12043,103,4/13/2016,Wednesday,18,337,367
12043,103,4/13/2016,Wednesday,19,354,384
12043,103,4/13/2016,Wednesday,20,240,270
12043,103,4/13/2016,Wednesday,21,259,289
12043,103,4/13/2016,Wednesday,22,247,277
12043,103,4/13/2016,Wednesday,23,319,349
12043,103,4/13/2016,Wednesday,24,406,436
12043,103,4/14/2016,Thursday,1,286,316
12043,103,4/14/2016,Thursday,2,289,319
12043,103,4/14/2016,Thursday,3,376,406
12043,103,4/14/2016,Thursday,4,137,167
12043,103,4/14/2016,Thursday,5,164,194
12043,103,4/14/2016,Thursday,6,356,386
12043,103,4/14/2016,Thursday,7,459,489
12043,103,4/14/2016,Thursday,8,419,449
12043,103,4/14/2016,Thursday,9,269,299
12043,103,4/14/2016,Thursday,10,339,369
12043,103,4/14/2016,Thursday,11,202,232
12043,103,4/14/2016,Thursday,12,377,407
12043,103,4/14/2016,Thursday,13,341,371
12043,103,4/14/2016,Thursday,14,462,492
12043,103,4/14/2016,Thursday,15,461,491
12043,103,4/14/2016,Thursday,16,287,317
12043,103,4/14/2016,Thursday,17,248,278
12043,103,4/14/2016,Thursday,18,272,302
12043,103,4/14/2016,Thursday,19,163,193
12043,103,4/14/2016,Thursday,20,213,243
12043,103,4/14/2016,Thursday,21,465,495
12043,103,4/14/2016,Thursday,22,343,373
12043,103,4/14/2016,Thursday,23,151,181
12043,103,4/14/2016,Thursday,24,458,488
12043,103,4/15/2016,Friday,1,182,212
12043,103,4/15/2016,Friday,2,360,390
12043,103,4/15/2016,Friday,3,464,494
12043,103,4/15/2016,Friday,4,178,208
12043,103,4/15/2016,Friday,5,269,299
12043,103,4/15/2016,Friday,6,413,443
12043,103,4/15/2016,Friday,7,440,470
12043,103,4/15/2016,Friday,8,334,364
12043,103,4/15/2016,Friday,9,194,224
12043,103,4/15/2016,Friday,10,299,329
12043,103,4/15/2016,Friday,11,417,447
12043,103,4/15/2016,Friday,12,220,250
12043,103,4/15/2016,Friday,13,314,344
12043,103,4/15/2016,Friday,14,465,495
12043,103,4/15/2016,Friday,15,175,205
12043,103,4/15/2016,Friday,16,319,349
12043,103,4/15/2016,Friday,17,299,329
12043,103,4/15/2016,Friday,18,384,414
12043,103,4/15/2016,Friday,19,149,179
12043,103,4/15/2016,Friday,20,389,419
12043,103,4/15/2016,Friday,21,251,281
12043,103,4/15/2016,Friday,22,366,396
12043,103,4/15/2016,Friday,23,173,203
12043,103,4/15/2016,Friday,24,337,367
12043,103,4/16/2016,Saturday,1,304,334
12043,103,4/16/2016,Saturday,2,328,358
12043,103,4/16/2016,Saturday,3,411,441
12043,103,4/16/2016,Saturday,4,156,186
12043,103,4/16/2016,Saturday,5,179,209
12043,103,4/16/2016,Saturday,6,273,303
12043,103,4/16/2016,Saturday,7,141,171
12043,103,4/16/2016,Saturday,8,463,493
12043,103,4/16/2016,Saturday,9,448,478
12043,103,4/16/2016,Saturday,10,429,459
12043,103,4/16/2016,Saturday,11,185,215
12043,103,4/16/2016,Saturday,12,439,469
12043,103,4/16/2016,Saturday,13,229,259
12043,103,4/16/2016,Saturday,14,225,255
12043,103,4/16/2016,Saturday,15,157,187
12043,103,4/16/2016,Saturday,16,332,362
12043,103,4/16/2016,Saturday,17,465,495
12043,103,4/16/2016,Saturday,18,159,189
12043,103,4/16/2016,Saturday,19,137,167
12043,103,4/16/2016,Saturday,20,144,174
12043,103,4/16/2016,Saturday,21,377,407
12043,103,4/16/2016,Saturday,22,305,335
12043,103,4/16/2016,Saturday,23,209,239
12043,103,4/16/2016,Saturday,24,223,253
